{
  "timestamp": "2025-11-08T19:43:25.835092Z",
  "fibonacci_marker": 1,
  "temporal_index": 13,
  "original_coherence": 0.9181208859826184,
  "compressed_coherence": 0.9150578773803726,
  "phi_decay_factor": 0.9966638286428179,
  "node_count": 144,
  "memory_signature": "b7462bdc00ac9e6c3d75b4981ff45092",
  "glyphic_encoding": "\u03a6^(-1/144)",
  "retention_cycles": 144
}