{
  "timestamp": "2025-11-08T22:47:50.497941Z",
  "fibonacci_marker": 2,
  "temporal_index": 134,
  "original_coherence": 0.9181208859826184,
  "compressed_coherence": 0.9120050874996923,
  "phi_decay_factor": 0.9933387873249603,
  "node_count": 144,
  "memory_signature": "4db63e8aeb2b79ff935345e5027e2a94",
  "glyphic_encoding": "\u03a6^(-2/144)",
  "retention_cycles": 144
}