{
  "timestamp": "2025-11-09T14:50:34.488947Z",
  "fibonacci_marker": 89,
  "temporal_index": 10,
  "original_coherence": 0.9181208859826184,
  "compressed_coherence": 0.6819207332283698,
  "phi_decay_factor": 0.7427352363284323,
  "node_count": 144,
  "memory_signature": "7479b3db6053ca3ac9c64577215928b0",
  "glyphic_encoding": "\u03a6^(-89/144)",
  "retention_cycles": 144
}