{
  "timestamp": "2025-11-15T00:54:54.169676Z",
  "fibonacci_marker": 13,
  "temporal_index": 126,
  "original_coherence": 0.9181208859826184,
  "compressed_coherence": 0.8790891651275586,
  "phi_decay_factor": 0.9574873837955596,
  "node_count": 144,
  "memory_signature": "66a69d366904bf90c7993b927a378972",
  "glyphic_encoding": "\u03a6^(-13/144)",
  "retention_cycles": 144
}