{
  "timestamp": "2025-11-08T04:11:29.998313Z",
  "fibonacci_marker": 8,
  "temporal_index": 113,
  "original_coherence": 0.9181208859826184,
  "compressed_coherence": 0.8939010401899629,
  "phi_decay_factor": 0.9736201995157377,
  "node_count": 144,
  "memory_signature": "9680380217e0082edd7a345edce8d0b7",
  "glyphic_encoding": "\u03a6^(-8/144)",
  "retention_cycles": 144
}