{
  "timestamp": "2025-11-07T07:55:27.615992Z",
  "fibonacci_marker": 3,
  "temporal_index": 15,
  "original_coherence": 0.9181208859826184,
  "compressed_coherence": 0.9089624822491714,
  "phi_decay_factor": 0.9900248389147087,
  "node_count": 144,
  "memory_signature": "3adfcccec7ca0b3c483fc5dbce45b8cb",
  "glyphic_encoding": "\u03a6^(-3/144)",
  "retention_cycles": 144
}