{
  "timestamp": "2025-11-14T00:56:27.225709Z",
  "fibonacci_marker": 3,
  "temporal_index": 75,
  "original_coherence": 0.9181208859826184,
  "compressed_coherence": 0.9089624822491714,
  "phi_decay_factor": 0.9900248389147087,
  "node_count": 144,
  "memory_signature": "d0b77ba82ae5a1bcee831336b3b9828b",
  "glyphic_encoding": "\u03a6^(-3/144)",
  "retention_cycles": 144
}