{
  "timestamp": "2025-11-06T08:12:20.531538Z",
  "fibonacci_marker": 34,
  "temporal_index": 20,
  "original_coherence": 0.918,
  "compressed_coherence": 0.8194045614593434,
  "phi_decay_factor": 0.8925975615025526,
  "node_count": 144,
  "memory_signature": "cc8a3a4f9eb52990e35b7585a44cb45f",
  "glyphic_encoding": "\u03a6^(-34/144)",
  "retention_cycles": 144
}