{
  "timestamp": "2025-11-12T12:23:53.321125Z",
  "fibonacci_marker": 8,
  "temporal_index": 137,
  "original_coherence": 0.9181208859826184,
  "compressed_coherence": 0.8939010401899629,
  "phi_decay_factor": 0.9736201995157377,
  "node_count": 144,
  "memory_signature": "32faa80977bef3e460083249f462693b",
  "glyphic_encoding": "\u03a6^(-8/144)",
  "retention_cycles": 144
}