{
  "timestamp": "2025-11-08T04:44:46.815394Z",
  "fibonacci_marker": 89,
  "temporal_index": 94,
  "original_coherence": 0.9181208859826184,
  "compressed_coherence": 0.6819207332283698,
  "phi_decay_factor": 0.7427352363284323,
  "node_count": 144,
  "memory_signature": "e6518d60155f8f6fee101f8f24b1ad40",
  "glyphic_encoding": "\u03a6^(-89/144)",
  "retention_cycles": 144
}