{
  "timestamp": "2025-11-07T22:00:50.768339Z",
  "fibonacci_marker": 2,
  "temporal_index": 50,
  "original_coherence": 0.9181208859826184,
  "compressed_coherence": 0.9120050874996923,
  "phi_decay_factor": 0.9933387873249603,
  "node_count": 144,
  "memory_signature": "7ad4d9b46d0211c283553c141a4959ef",
  "glyphic_encoding": "\u03a6^(-2/144)",
  "retention_cycles": 144
}