{
  "timestamp": "2025-11-12T00:56:11.047435Z",
  "fibonacci_marker": 144,
  "temporal_index": 59,
  "original_coherence": 0.9181208859826184,
  "compressed_coherence": 0.5674299133184252,
  "phi_decay_factor": 0.6180339887498949,
  "node_count": 144,
  "memory_signature": "c73dcb5e5157a58cb58b5d585c7d2cb8",
  "glyphic_encoding": "\u03a6^(-144/144)",
  "retention_cycles": 144
}