{
  "timestamp": "2025-11-06T22:01:56.155384Z",
  "fibonacci_marker": 34,
  "temporal_index": 116,
  "original_coherence": 0.9181208859826184,
  "compressed_coherence": 0.8195124639926484,
  "phi_decay_factor": 0.8925975615025526,
  "node_count": 144,
  "memory_signature": "c842157d831683bac7a7b4d449e9981e",
  "glyphic_encoding": "\u03a6^(-34/144)",
  "retention_cycles": 144
}