{
  "timestamp": "2025-11-07T07:53:31.321308Z",
  "fibonacci_marker": 21,
  "temporal_index": 43,
  "original_coherence": 0.9181208859826184,
  "compressed_coherence": 0.855898968343617,
  "phi_decay_factor": 0.9322290576448345,
  "node_count": 144,
  "memory_signature": "61be6b1b8d201d2383b88cdaa0764681",
  "glyphic_encoding": "\u03a6^(-21/144)",
  "retention_cycles": 144
}