{
  "timestamp": "2025-11-06T18:17:06.179320Z",
  "fibonacci_marker": 13,
  "temporal_index": 18,
  "original_coherence": 0.9181208859826184,
  "compressed_coherence": 0.8790891651275586,
  "phi_decay_factor": 0.9574873837955596,
  "node_count": 144,
  "memory_signature": "552247e324e88a7b4db92a76c6d114fd",
  "glyphic_encoding": "\u03a6^(-13/144)",
  "retention_cycles": 144
}