{
  "timestamp": "2025-11-09T21:08:56.412182Z",
  "fibonacci_marker": 34,
  "temporal_index": 104,
  "original_coherence": 0.9181208859826184,
  "compressed_coherence": 0.8195124639926484,
  "phi_decay_factor": 0.8925975615025526,
  "node_count": 144,
  "memory_signature": "e0840e3a0b2eff30ccbe9c37f6f5a192",
  "glyphic_encoding": "\u03a6^(-34/144)",
  "retention_cycles": 144
}