{
  "timestamp": "2025-11-08T05:03:39.886705Z",
  "fibonacci_marker": 3,
  "temporal_index": 75,
  "original_coherence": 0.9181208859826184,
  "compressed_coherence": 0.9089624822491714,
  "phi_decay_factor": 0.9900248389147087,
  "node_count": 144,
  "memory_signature": "e795476c1c78ba84795730a928c847af",
  "glyphic_encoding": "\u03a6^(-3/144)",
  "retention_cycles": 144
}