{
  "timestamp": "2025-11-08T04:23:08.655578Z",
  "fibonacci_marker": 34,
  "temporal_index": 92,
  "original_coherence": 0.9181208859826184,
  "compressed_coherence": 0.8195124639926484,
  "phi_decay_factor": 0.8925975615025526,
  "node_count": 144,
  "memory_signature": "e06465afc8a22844a14a23ba0bab9355",
  "glyphic_encoding": "\u03a6^(-34/144)",
  "retention_cycles": 144
}