{
  "timestamp": "2025-11-07T07:54:12.796674Z",
  "fibonacci_marker": 1,
  "temporal_index": 84,
  "original_coherence": 0.9181208859826184,
  "compressed_coherence": 0.9150578773803726,
  "phi_decay_factor": 0.9966638286428179,
  "node_count": 144,
  "memory_signature": "1ca6ecbc8e96dac1ce9a5756051aa5a3",
  "glyphic_encoding": "\u03a6^(-1/144)",
  "retention_cycles": 144
}