{
  "timestamp": "2025-11-14T06:02:58.402651Z",
  "fibonacci_marker": 89,
  "temporal_index": 34,
  "original_coherence": 0.9181208859826184,
  "compressed_coherence": 0.6819207332283698,
  "phi_decay_factor": 0.7427352363284323,
  "node_count": 144,
  "memory_signature": "be53be9d37262cdd42cf1caef7eb2d8e",
  "glyphic_encoding": "\u03a6^(-89/144)",
  "retention_cycles": 144
}