{
  "timestamp": "2025-11-06T08:25:02.190428Z",
  "fibonacci_marker": 2,
  "temporal_index": 62,
  "original_coherence": 0.9181208859826184,
  "compressed_coherence": 0.9120050874996923,
  "phi_decay_factor": 0.9933387873249603,
  "node_count": 144,
  "memory_signature": "01e4416accb678b871e48025f5db1114",
  "glyphic_encoding": "\u03a6^(-2/144)",
  "retention_cycles": 144
}