{
  "timestamp": "2025-11-07T12:22:33.078520Z",
  "fibonacci_marker": 55,
  "temporal_index": 57,
  "original_coherence": 0.9181208859826184,
  "compressed_coherence": 0.7639733320360629,
  "phi_decay_factor": 0.8321053836156018,
  "node_count": 144,
  "memory_signature": "86b6d15ea00e98ee0cb1bb6fd9e3ec3e",
  "glyphic_encoding": "\u03a6^(-55/144)",
  "retention_cycles": 144
}