{
  "timestamp": "2025-11-15T06:19:20.715358Z",
  "fibonacci_marker": 34,
  "temporal_index": 8,
  "original_coherence": 0.9181208859826184,
  "compressed_coherence": 0.8195124639926484,
  "phi_decay_factor": 0.8925975615025526,
  "node_count": 144,
  "memory_signature": "793ff7c43006c6405ceed8620b24a9ca",
  "glyphic_encoding": "\u03a6^(-34/144)",
  "retention_cycles": 144
}