{
  "timestamp": "2025-11-08T22:12:39.394121Z",
  "fibonacci_marker": 3,
  "temporal_index": 39,
  "original_coherence": 0.9181208859826184,
  "compressed_coherence": 0.9089624822491714,
  "phi_decay_factor": 0.9900248389147087,
  "node_count": 144,
  "memory_signature": "3b01079203551a7aae8947bf029d0633",
  "glyphic_encoding": "\u03a6^(-3/144)",
  "retention_cycles": 144
}