{
  "timestamp": "2025-11-07T05:55:39.854104Z",
  "fibonacci_marker": 3,
  "temporal_index": 27,
  "original_coherence": 0.9181208859826184,
  "compressed_coherence": 0.9089624822491714,
  "phi_decay_factor": 0.9900248389147087,
  "node_count": 144,
  "memory_signature": "6e780fafabcbf8da3dbaac7996ceebe5",
  "glyphic_encoding": "\u03a6^(-3/144)",
  "retention_cycles": 144
}