{
  "timestamp": "2025-11-08T04:01:40.344233Z",
  "fibonacci_marker": 5,
  "temporal_index": 100,
  "original_coherence": 0.9181208859826184,
  "compressed_coherence": 0.9029076898412778,
  "phi_decay_factor": 0.983430072909126,
  "node_count": 144,
  "memory_signature": "ba0b5024d99a3613226ed77812df32ec",
  "glyphic_encoding": "\u03a6^(-5/144)",
  "retention_cycles": 144
}