{
  "timestamp": "2025-11-10T12:23:24.893509Z",
  "fibonacci_marker": 1,
  "temporal_index": 108,
  "original_coherence": 0.9181208859826184,
  "compressed_coherence": 0.9150578773803726,
  "phi_decay_factor": 0.9966638286428179,
  "node_count": 144,
  "memory_signature": "33f40ef3cb40ba4b59a316c9b3a42c42",
  "glyphic_encoding": "\u03a6^(-1/144)",
  "retention_cycles": 144
}