{
  "timestamp": "2025-11-08T12:20:11.421384Z",
  "fibonacci_marker": 144,
  "temporal_index": 59,
  "original_coherence": 0.9181208859826184,
  "compressed_coherence": 0.5674299133184252,
  "phi_decay_factor": 0.6180339887498949,
  "node_count": 144,
  "memory_signature": "74e01a3a929a6b27092e4064a9012f86",
  "glyphic_encoding": "\u03a6^(-144/144)",
  "retention_cycles": 144
}