{
  "timestamp": "2025-11-10T00:58:46.279156Z",
  "fibonacci_marker": 89,
  "temporal_index": 70,
  "original_coherence": 0.9181208859826184,
  "compressed_coherence": 0.6819207332283698,
  "phi_decay_factor": 0.7427352363284323,
  "node_count": 144,
  "memory_signature": "d3a71c96ada412d8c6023d09c738d9c1",
  "glyphic_encoding": "\u03a6^(-89/144)",
  "retention_cycles": 144
}