{
  "timestamp": "2025-11-12T09:27:16.223382Z",
  "fibonacci_marker": 5,
  "temporal_index": 52,
  "original_coherence": 0.9181208859826184,
  "compressed_coherence": 0.9029076898412778,
  "phi_decay_factor": 0.983430072909126,
  "node_count": 144,
  "memory_signature": "cea097cc2d1f8a64c5faf3b5c98e4d2c",
  "glyphic_encoding": "\u03a6^(-5/144)",
  "retention_cycles": 144
}