{
  "timestamp": "2025-11-08T04:34:48.282968Z",
  "fibonacci_marker": 1,
  "temporal_index": 72,
  "original_coherence": 0.9181208859826184,
  "compressed_coherence": 0.9150578773803726,
  "phi_decay_factor": 0.9966638286428179,
  "node_count": 144,
  "memory_signature": "3daf221c42563b3046937b8fd02dc7a4",
  "glyphic_encoding": "\u03a6^(-1/144)",
  "retention_cycles": 144
}