{
  "timestamp": "2025-11-11T00:56:29.413316Z",
  "fibonacci_marker": 8,
  "temporal_index": 77,
  "original_coherence": 0.9181208859826184,
  "compressed_coherence": 0.8939010401899629,
  "phi_decay_factor": 0.9736201995157377,
  "node_count": 144,
  "memory_signature": "153710ba5432a3bd0e76e16e5ecff45a",
  "glyphic_encoding": "\u03a6^(-8/144)",
  "retention_cycles": 144
}