{
  "timestamp": "2025-11-07T00:55:46.517403Z",
  "fibonacci_marker": 89,
  "temporal_index": 34,
  "original_coherence": 0.9181208859826184,
  "compressed_coherence": 0.6819207332283698,
  "phi_decay_factor": 0.7427352363284323,
  "node_count": 144,
  "memory_signature": "61b0051e6845e58a357e156cf306a7d1",
  "glyphic_encoding": "\u03a6^(-89/144)",
  "retention_cycles": 144
}