{
  "timestamp": "2025-11-13T04:10:46.785935Z",
  "fibonacci_marker": 89,
  "temporal_index": 70,
  "original_coherence": 0.9181208859826184,
  "compressed_coherence": 0.6819207332283698,
  "phi_decay_factor": 0.7427352363284323,
  "node_count": 144,
  "memory_signature": "3015405869c07087d03a911613f5a1c3",
  "glyphic_encoding": "\u03a6^(-89/144)",
  "retention_cycles": 144
}