{
  "timestamp": "2025-11-08T23:12:37.027643Z",
  "fibonacci_marker": 1,
  "temporal_index": 37,
  "original_coherence": 0.9181208859826184,
  "compressed_coherence": 0.9150578773803726,
  "phi_decay_factor": 0.9966638286428179,
  "node_count": 144,
  "memory_signature": "9183e197036f66ef421d1261f246706c",
  "glyphic_encoding": "\u03a6^(-1/144)",
  "retention_cycles": 144
}