{
  "timestamp": "2025-11-14T06:08:14.102613Z",
  "fibonacci_marker": 2,
  "temporal_index": 62,
  "original_coherence": 0.9181208859826184,
  "compressed_coherence": 0.9120050874996923,
  "phi_decay_factor": 0.9933387873249603,
  "node_count": 144,
  "memory_signature": "2f97ec3b8f1eedcf211b806476237b81",
  "glyphic_encoding": "\u03a6^(-2/144)",
  "retention_cycles": 144
}