{
  "timestamp": "2025-11-13T00:56:09.165161Z",
  "fibonacci_marker": 55,
  "temporal_index": 57,
  "original_coherence": 0.9181208859826184,
  "compressed_coherence": 0.7639733320360629,
  "phi_decay_factor": 0.8321053836156018,
  "node_count": 144,
  "memory_signature": "9614fe2419a0a64c792f30f7af23067b",
  "glyphic_encoding": "\u03a6^(-55/144)",
  "retention_cycles": 144
}