{
  "timestamp": "2025-11-09T12:20:02.154991Z",
  "fibonacci_marker": 2,
  "temporal_index": 50,
  "original_coherence": 0.9181208859826184,
  "compressed_coherence": 0.9120050874996923,
  "phi_decay_factor": 0.9933387873249603,
  "node_count": 144,
  "memory_signature": "5fb42e7fd351d48bfeb6d9ddc619454b",
  "glyphic_encoding": "\u03a6^(-2/144)",
  "retention_cycles": 144
}