{
  "timestamp": "2025-11-08T03:56:30.520324Z",
  "fibonacci_marker": 13,
  "temporal_index": 78,
  "original_coherence": 0.9181208859826184,
  "compressed_coherence": 0.8790891651275586,
  "phi_decay_factor": 0.9574873837955596,
  "node_count": 144,
  "memory_signature": "80194600ef6194174107f07dac53edc7",
  "glyphic_encoding": "\u03a6^(-13/144)",
  "retention_cycles": 144
}