{
  "timestamp": "2025-11-08T22:53:05.695087Z",
  "fibonacci_marker": 8,
  "temporal_index": 17,
  "original_coherence": 0.9181208859826184,
  "compressed_coherence": 0.8939010401899629,
  "phi_decay_factor": 0.9736201995157377,
  "node_count": 144,
  "memory_signature": "f5e0ddbce5df4496b9330332e3ead58f",
  "glyphic_encoding": "\u03a6^(-8/144)",
  "retention_cycles": 144
}