{
  "timestamp": "2025-11-08T05:07:11.665662Z",
  "fibonacci_marker": 144,
  "temporal_index": 143,
  "original_coherence": 0.9181208859826184,
  "compressed_coherence": 0.5674299133184252,
  "phi_decay_factor": 0.6180339887498949,
  "node_count": 144,
  "memory_signature": "a9d06fb0c96058fb7399d13b3402b731",
  "glyphic_encoding": "\u03a6^(-144/144)",
  "retention_cycles": 144
}