{
  "timestamp": "2025-11-08T22:49:22.262479Z",
  "fibonacci_marker": 89,
  "temporal_index": 82,
  "original_coherence": 0.9181208859826184,
  "compressed_coherence": 0.6819207332283698,
  "phi_decay_factor": 0.7427352363284323,
  "node_count": 144,
  "memory_signature": "69026939fe5dd168ec72fe6e6fd49334",
  "glyphic_encoding": "\u03a6^(-89/144)",
  "retention_cycles": 144
}